State,Year,R,D,L,COLL,WC,PUC,DD,PL,COM,INVT,OFF,STAF,MEM,OD,COME
AN,2006-2007,3761.00,26492.00,2895.00,2071.00,31673.00,193.00,19193.00,271.00,85.00,21147.00,30.00,202.00,182.00,183.00,8.22
AN,2007-2008,5268.00,31856.00,3166.00,2055.00,36568.00,207.00,19289.00,360.00,202.00,22434.00,30.00,198.00,161.00,2704.00,2.77
AN,2008-2009,6465.00,31856.00,3332.00,2103.00,41413.00,243.00,19295.00,360.00,407.00,24920.00,30.00,197.00,161.00,682.00,3.70
AN,2009-2010,6870.00,37236.00,4302.00,1554.00,47419.00,259.00,19679.00,415.00,180.00,26995.00,30.00,237.00,158.00,434.00,3.93
AN,2010-2011,7806.00,40256.00,5687.00,1548.00,52418.00,278.00,21156.00,240.00,180.00,29910.00,1.00,237.00,159.00,293.00,4.79
AN,2011-2012,8845.00,45603.00,10718.00,2441.00,59332.00,294.00,24659.00,260.00,2.00,31540.00,30.00,234.00,160.00,793.00,3.89
AN,2012-2013,9055.00,50145.00,8816.00,2666.00,9448.00,349.00,27435.00,289.00,1358.00,33155.00,30.00,223.00,159.00,898.00,6.09
AN,2013-2014,10012.00,56472.00,15390.00,8167.00,76159.00,400.00,31596.00,294.00,1689.00,37528.00,30.00,226.00,30.00,10226.00,7.47
AN,2014-2015,12725.00,60855.00,8766.00,26600.00,79652.00,424.00,31789.00,444.00,6150.00,38585.00,42.00,216.00,143242.00,12007.00,28.47
AN,2015-2016,14969.00,68897.00,9104.00,6596.00,91448.00,424.00,31789.00,511.00,7353.00,47740.00,42.00,204.00,134379.00,0.00,36.04
AP,2006-2007,119555.00,169715.00,943592.00,251010.00,715935.00,19193.00,271.00,455.00,2819.00,78583.00,26.00,848.00,23.00,59326.00,4.05
AP,2007-2008,128815.00,317601.00,1161362.00,440327.00,734251.00,19289.00,360.00,6067.00,2819.00,94754.00,26.00,1245.00,23.00,471830.00,4.54
AP,2008-2009,129185.00,317601.00,298232.00,440327.00,674575.00,19295.00,360.00,6067.00,2819.00,239103.00,26.00,1245.00,23.00,31503.00,3.48
AP,2009-2010,123313.00,356618.00,1118400.00,236843.00,774818.00,19679.00,415.00,0.00,2819.00,145565.00,26.00,620.00,23.00,37303.00,17.10
AP,2010-2011,133675.00,362087.00,759125.00,296550.00,872452.00,21156.00,240.00,11174.00,4330.86,132015.00,26.00,571.00,22.00,10010.00,11.68
AP,2011-2012,140773.00,391190.00,954956.00,447407.00,1024618.00,24659.00,260.00,9225.00,2407.00,137653.00,26.00,558.00,22.00,4668.00,14.17
AP,2012-2013,145542.00,405983.00,1214715.00,601581.00,674918.00,27435.00,289.00,6948.00,9620.00,136450.00,37.00,515.00,22.00,6552.00,18.68
AP,2013-2014,150516.00,463078.00,1229031.00,711636.00,1343270.00,31596.00,294.00,8458.00,6991.00,145421.00,37.00,600.00,37.00,6287.00,11.65
AP,2014-2015,155516.00,520844.00,789868.00,788214.00,1325066.00,31789.00,444.00,12518.00,7540.00,201603.00,37.00,262.00,22.00,22875.00,28.78
AP,2015-2016,101437.00,353826.00,886302.00,493066.00,953934.00,31789.00,511.00,5076.00,4314.00,93303.00,7.00,197.00,39516.00,3914.00,21.90
AR,2006-2007,172.00,16280.00,0.00,1118.00,20821.00,1257.00,85.00,-14509.00,321.00,2871.00,32.00,373.00,95.00,6721.00,3.39
AR,2007-2008,172.00,17987.00,0.00,1108.00,20821.00,1257.00,202.00,-15507.00,321.00,2871.00,32.00,373.00,92.00,8049.00,3.39
AR,2008-2009,172.00,16280.00,0.00,1118.00,20821.00,1257.00,407.00,-14509.00,321.00,2871.00,32.00,373.00,95.00,6740.00,3.39
AR,2009-2010,162.00,17987.00,10.00,1109.00,47482.00,19284.00,180.00,-15507.00,321.00,28860.00,33.00,318.00,92.00,6951.00,9.01
AR,2010-2011,205.00,7229.00,191.00,1231.00,42924.00,19236.00,180.00,-13447.00,752.00,28860.00,33.00,316.00,95.00,7599.00,2.44
AR,2011-2012,559.00,9508.00,733.00,1115.00,40589.00,19236.00,2.00,-12949.00,910.00,27285.00,33.00,318.00,101.00,6250.00,2.86
AR,2012-2013,560.00,9919.00,1246.00,1147.00,42194.00,19239.00,1358.00,12405.00,948.00,28098.00,33.00,320.00,106.00,9471.00,2.96
AR,2013-2014,560.00,9919.00,1246.00,1147.00,42194.00,19239.00,1689.00,12405.00,948.00,28098.00,33.00,320.00,33.00,9471.00,2.96
AR,2014-2015,560.00,9919.00,1246.00,1147.00,42194.00,19239.00,6150.00,12405.00,948.00,28098.00,33.00,320.00,106.00,9471.00,2.96
AR,2015-2016,560.00,9919.00,1246.00,1147.00,42194.00,19239.00,7353.00,12405.00,948.00,28098.00,33.00,320.00,106.00,0.00,2.96
AS,2006-2007,2255.00,58721.00,16313.00,9989.00,58668.00,632.00,21147.00,-8069.00,859.00,25103.00,69.00,809.00,64445.00,11028.00,2.34
AS,2007-2008,2276.00,82357.00,30013.00,4836.00,64393.00,669.00,22434.00,-9394.00,162.00,28497.00,69.00,734.00,72475.00,7466.00,7.55
AS,2008-2009,2354.00,82357.00,30013.00,5341.00,84678.00,720.00,24920.00,-9394.00,2462.00,45066.00,69.00,705.00,72475.00,2580.00,9.14
AS,2009-2010,1534.00,118881.00,16289.00,14134.00,122506.00,780.00,26995.00,-8750.00,NA,78113.00,69.00,683.00,75835.00,5235.00,10.75
AS,2010-2011,9685.00,154450.00,21549.00,7361.00,142580.00,813.00,29910.00,-4184.00,7341.00,114495.00,75.00,689.00,77575.00,3937.00,12.44
AS,2011-2012,2215.00,155947.00,44383.00,7289.00,177740.00,884.00,31540.00,-1585.00,7341.00,101956.00,68.00,670.00,81859.00,4294.00,15.98
AS,2012-2013,2055.00,150063.00,11371.00,6372.00,168760.00,913.00,33155.00,400.00,14804.00,98709.00,68.00,642.00,91234.00,5607.00,23.06
AS,2013-2014,3008.00,195092.00,35921.00,2795.00,168760.00,974.00,37528.00,1296.00,15172.00,126828.00,74.00,642.00,74.00,5898.00,23.63
AS,2014-2015,4903.00,188850.00,29344.00,19179.00,207981.00,1084.00,38585.00,775.00,6347.00,103056.00,74.00,625.00,94554.00,6583.00,10.16
AS,2015-2016,5176.00,203981.00,26691.00,6826.00,291908.00,1084.00,47740.00,269.00,18197.00,107915.00,74.00,598.00,92258.00,6364.00,30.43
BR,2006-2007,22818.00,89961.00,23750.00,14292.00,144914.00,1829.00,30.00,8661.00,1011.00,61125.00,15.00,235.00,69.00,29146.00,2.59
BR,2007-2008,22818.00,115906.00,23750.00,13738.00,144914.00,1829.00,30.00,4427.00,960.00,61125.00,15.00,235.00,68.00,44490.00,2.59
BR,2008-2009,22818.00,89961.00,23750.00,14292.00,144914.00,1829.00,30.00,8661.00,960.00,61125.00,15.00,235.00,69.00,29146.00,2.59
BR,2009-2010,38215.00,150570.00,27028.00,23291.00,223481.00,1881.00,30.00,2370.00,845.00,131407.00,17.00,169.00,68.00,19179.00,5.00
BR,2010-2011,38215.00,150570.00,27028.00,23291.00,223481.00,1881.00,1.00,2370.00,845.00,131407.00,17.00,169.00,68.00,19179.00,5.00
BR,2011-2012,21312.00,186608.00,48101.00,22373.00,273820.00,1959.00,30.00,4575.00,1091.00,37311.00,17.00,169.00,68.00,10921.00,6.46
BR,2012-2013,25548.00,163124.00,71087.00,33311.00,300126.00,2083.00,30.00,4112.00,832.00,30311.00,12.00,109.00,68.00,25292.00,7.63
BR,2013-2014,29600.00,141833.00,52076.00,19455.00,299618.00,2083.00,30.00,2412.00,1108.00,38623.00,12.00,96.00,12.00,74388.00,11.54
BR,2014-2015,29399.00,184644.00,29795.00,36241.00,359381.00,1938.00,42.00,6352.00,1124.00,158792.00,12.00,96.00,60.00,87406.00,11.71
BR,2015-2016,35694.00,137721.00,122704.00,93560.00,359381.00,1938.00,42.00,3597.00,1047.00,147776.00,11.00,96.00,60.00,0.00,10.91
CH,2006-2007,1449.00,14969.00,1009.00,493.00,17211.00,44.00,202.00,399.00,104.00,4692.00,12.00,82.00,3904.00,259.00,3.38
CH,2007-2008,1489.00,16287.00,3436.00,544.00,21941.00,49.00,198.00,680.00,105.00,5100.00,13.00,88.00,3904.00,872.00,10.63
CH,2008-2009,2359.00,16287.00,581.00,544.00,19781.00,52.00,197.00,680.00,124.00,3511.00,14.00,84.00,3904.00,328.00,4.36
CH,2009-2010,2359.00,20277.00,1435.00,563.00,23920.00,52.00,237.00,853.00,145.00,5471.00,14.00,83.00,3905.00,346.00,4.96
CH,2010-2011,2360.00,23659.00,1516.00,573.00,27603.00,56.00,237.00,365.00,171.00,19952.00,14.00,82.00,4159.00,343.00,6.02
CH,2011-2012,2360.00,25444.00,831.00,594.00,29288.00,61.00,234.00,318.00,146.00,6449.00,14.00,76.00,4159.00,322.00,10.57
CH,2012-2013,2401.00,27144.00,2252.00,882.00,31373.00,86.00,223.00,316.00,809.00,7206.00,14.00,72.00,4159.00,383.00,11.24
CH,2013-2014,3314.00,26952.00,2573.00,840.00,31482.00,81.00,226.00,413.00,749.00,7151.00,14.00,69.00,14.00,317.00,10.86
CH,2014-2015,3332.00,28258.00,3212.00,903.00,33268.00,82.00,216.00,503.00,830.00,6512.00,15.00,64.00,4367.00,296.00,12.97
CH,2015-2016,3332.00,30261.00,2752.00,1430.00,35439.00,82.00,204.00,428.00,838.00,6828.00,18.00,83.00,4361.00,312.00,10.10
CG,2006-2007,5508.00,100520.00,19123.00,20721.00,112133.00,1498.00,182.00,-1088.00,431.00,87605.00,6.00,60.00,3966.00,3892.00,7.18
CG,2007-2008,6808.00,159286.00,51109.00,26929.00,16741.00,1555.00,161.00,-345.00,431.00,31869.00,6.00,92.00,20817.00,32381.00,92.39
CG,2008-2009,8032.00,159286.00,25445.00,28734.00,185937.00,1645.00,161.00,-345.00,630.00,40776.00,6.00,106.00,20817.00,4226.00,5.58
CG,2009-2010,8201.00,173270.00,39518.00,30588.00,223376.00,3197.00,158.00,152.00,816.00,43156.00,6.00,107.00,6324.00,8667.00,7.21
CG,2010-2011,8353.00,138537.00,46204.00,42662.00,201365.00,5006.00,159.00,669.00,1058.00,119817.00,6.00,107.00,4211.00,6907.00,9.89
CG,2011-2012,8034.00,148358.00,95433.00,59219.00,247527.00,7705.00,160.00,1003.00,1058.00,42815.00,6.00,122.00,23.00,4651.00,14.68
CG,2012-2013,3218.00,165505.00,166887.00,76838.00,269263.00,9061.00,159.00,2409.00,18928.00,142322.00,6.00,105.00,4948.00,4885.00,180.27
CG,2013-2014,4660.00,220607.00,121135.00,77111.00,341330.00,11288.00,30.00,2717.00,23166.00,186342.00,6.00,106.00,6.00,4494.00,218.55
CG,2014-2015,20003.00,254928.00,168135.00,89498.00,421412.00,13241.00,143242.00,1986.00,27374.00,200238.00,6.00,156.00,5574.00,6510.00,175.47
CG,2015-2016,21780.00,251129.00,153650.00,122168.00,395712.00,13241.00,134379.00,2154.00,3367.00,160137.00,6.00,154.00,5810.00,14566.00,21.86
DL,2006-2007,9943.00,63927.00,18735.00,7579.00,81993.00,509.00,183.00,1067.00,4240.00,46386.00,41.00,497.00,2392.00,2100.00,3.02
DL,2007-2008,10867.00,68568.00,23935.00,14095.00,84808.00,541.00,2704.00,2159.00,1334.00,16621.00,41.00,490.00,2403.00,17017.00,2.72
DL,2008-2009,12522.00,68568.00,21994.00,19199.00,91570.00,581.00,682.00,2159.00,1334.00,47160.00,41.00,493.00,2403.00,2795.00,3.24
DL,2009-2010,14486.00,77586.00,24538.00,21563.00,102721.00,659.00,434.00,1810.00,2418.00,60608.00,41.00,563.00,2404.00,2606.00,4.29
DL,2010-2011,16176.00,80348.00,28620.00,25973.00,101296.00,679.00,293.00,1931.00,3316.00,60187.00,41.00,570.00,2405.00,2640.00,5.82
DL,2011-2012,17980.00,77586.00,28055.00,24652.00,107896.00,708.00,793.00,2413.00,3392.00,62537.00,48.00,566.00,2047.00,2423.00,5.99
DL,2012-2013,20205.00,83280.00,35065.00,29798.00,117824.00,730.00,898.00,1976.00,3986.00,58512.00,49.00,562.00,2023.00,2411.00,7.09
DL,2013-2014,24558.00,88150.00,7656.00,29584.00,124483.00,745.00,10226.00,804.00,4555.00,65851.00,50.00,548.00,50.00,2524.00,8.31
DL,2014-2015,25511.00,94168.00,39913.00,34766.00,132150.00,773.00,12007.00,784.00,4711.00,66376.00,50.00,555.00,2021.00,2536.00,8.49
DL,2015-2016,24055.00,101966.00,47495.00,41153.00,132150.00,773.00,0.00,-845.00,5988.00,66518.00,50.00,558.00,2020.00,1961.00,10.73
GA,2006-2007,3252.00,65294.00,23629.00,9954.00,83414.00,941.00,8.22,27.00,508.00,24357.00,66.00,739.00,12311.00,5271.00,7.53
GA,2007-2008,3634.00,75411.00,29217.00,12021.00,80406.00,1084.00,2.77,89.00,2510.00,24804.00,66.00,721.00,15585.00,17322.00,9.21
GA,2008-2009,4488.00,75411.00,41019.00,12150.00,87044.00,1339.00,3.70,89.00,2817.00,26215.00,65.00,685.00,15585.00,5227.00,11.00
GA,2009-2010,6143.00,95899.00,34865.00,14069.00,109037.00,1633.00,3.93,93.00,2240.00,31721.00,66.00,678.00,18110.00,4727.00,3.63
GA,2010-2011,6191.00,104465.00,34014.00,19364.00,119881.00,1851.00,4.79,101.00,1194.00,34236.00,68.00,652.00,20011.00,4051.00,4.13
GA,2011-2012,8762.00,116027.00,37770.00,21170.00,129801.00,2062.00,3.89,99.00,864.00,34772.00,68.00,682.00,21991.00,5641.00,4.78
GA,2012-2013,8762.00,116027.00,37770.00,21170.00,129801.00,2062.00,6.09,99.00,3259.00,34772.00,68.00,682.00,21991.00,5641.00,4.78
GA,2013-2014,8273.00,143312.00,57888.00,23852.00,162411.00,3411.00,7.47,-3729.00,4372.00,43790.00,68.00,684.00,68.00,8277.00,6.39
GA,2014-2015,8322.00,162597.00,64249.00,55483.00,186615.00,4325.00,28.47,-4542.00,4497.00,44896.00,69.00,667.00,36466.00,10036.00,6.74
GA,2015-2016,7445.00,188777.00,49740.00,70591.00,208016.00,4325.00,36.04,-5298.00,4903.00,47999.00,71.00,649.00,39488.00,11675.00,7.55
GJ,2006-2007,38344.00,203450.00,141239.00,94178.00,391751.00,1668.00,4.05,551.00,1287.00,146370.00,1.00,223.00,387.00,2584.00,10.87
GJ,2007-2008,37973.00,320996.00,154901.00,113895.00,441342.00,1702.00,4.54,-5266.00,1885.00,192863.00,1.00,216.00,381.00,120977.00,8.67
GJ,2008-2009,42711.00,320996.00,146723.00,132374.00,449458.00,1895.00,3.48,-5266.00,1571.00,213577.00,1.00,213.00,381.00,15834.00,6.40
GJ,2009-2010,37258.00,447381.00,204671.00,116798.00,613793.00,1907.00,17.10,760.00,1310.00,381629.00,1.00,208.00,354.00,15851.00,6.30
GJ,2010-2011,35008.00,486454.00,208137.00,96080.00,680057.00,1970.00,11.68,1371.00,328.00,384427.00,1.00,198.00,354.00,13311.00,6.62
GJ,2011-2012,37149.00,486157.00,324392.00,113538.00,820100.00,2062.00,14.17,1885.00,8373.00,363232.00,1.00,197.00,426.00,1642.00,42.50
GJ,2012-2013,49489.00,527469.00,414316.00,206520.00,897689.00,2250.00,18.68,0.00,4670.00,422472.00,3.00,186.00,426.00,4049.00,25.11
GJ,2013-2014,56825.00,694565.00,526044.00,270244.00,1150381.00,2374.00,11.65,0.00,4248.00,587455.00,8.00,243.00,8.00,4049.00,17.48
GJ,2014-2015,61127.00,636888.00,891307.00,334476.00,1129516.00,2572.00,28.78,0.00,7075.00,492192.00,10.00,264.00,432.00,4410.00,26.80
GJ,2015-2016,62311.00,517804.00,788913.00,382231.00,1121564.00,2572.00,21.90,2436.00,4700.00,343380.00,16.00,286.00,432.00,4049.00,16.43
HR,2006-2007,34784.00,120653.00,298714.00,369849.00,370995.00,6094.00,3.39,2563.00,1242.00,40514.00,14.00,543.00,1042.00,872.00,4.50
HR,2007-2008,34784.00,172373.00,298714.00,411556.00,370995.00,6094.00,3.39,1061.00,1243.00,40514.00,14.00,543.00,19.00,412424.00,4.50
HR,2008-2009,36144.00,172373.00,322740.00,318962.00,395253.00,7205.00,3.39,1061.00,1243.00,55947.00,13.00,531.00,19.00,7356.00,3.98
HR,2009-2010,37164.00,193517.00,333286.00,295522.00,436021.00,7233.00,9.01,-1410.00,2640.00,61576.00,13.00,512.00,19.00,209.00,4.10
HR,2010-2011,37209.00,202522.00,376448.00,343698.00,505103.00,7818.00,2.44,501.00,4968.11,67500.00,13.00,469.00,19.00,209.00,6.45
HR,2011-2012,38021.00,213090.00,467669.00,398142.00,607076.00,10474.00,2.86,1869.00,1.00,72254.00,14.00,469.00,19.00,213.00,10.11
HR,2012-2013,37977.00,237582.00,490901.00,478230.00,662072.00,11431.00,2.96,3021.00,2653.00,76315.00,14.00,418.00,19.00,235.00,6.35
HR,2013-2014,39704.00,205734.00,562714.00,505278.00,660497.00,11910.00,2.96,2198.00,40909.00,83958.00,14.00,437.00,14.00,276.00,93.61
HR,2014-2015,41761.00,217955.00,674860.00,594149.00,724508.00,13261.00,2.96,1623.00,40801.00,80804.00,14.00,418.00,19.00,280.00,97.61
HR,2015-2016,59474.00,310492.00,760807.00,687415.00,802950.00,13261.00,2.96,2380.00,44589.00,85280.00,14.00,376.00,19.00,39714.00,118.59
HP,2006-2007,19872.00,241274.00,48448.00,10503.00,312855.00,791.00,2.34,5079.00,3939.00,181504.00,190.00,1335.00,1709.00,3305.00,2.84
HP,2007-2008,25610.00,407570.00,55941.00,23613.00,418335.00,799.00,7.55,2857.00,4434.00,226257.00,195.00,1308.00,1712.00,27693.00,3.39
HP,2008-2009,27962.00,407570.00,109341.00,23151.00,498285.00,812.00,9.14,2857.00,4434.00,311555.00,197.00,1291.00,1712.00,3933.00,4.31
HP,2009-2010,33598.00,494179.00,69967.00,20254.00,592042.00,819.00,10.75,3553.00,4434.00,350595.00,197.00,1239.00,1712.00,5058.00,5.28
HP,2010-2011,33318.00,500552.00,177380.00,28301.00,663283.00,838.00,12.44,14673.00,4434.00,390488.00,197.00,1237.00,1724.00,13939.00,5.91
HP,2011-2012,41774.00,524219.00,99149.00,29565.00,673735.00,843.00,15.98,8145.00,8016.00,393094.00,197.00,1210.00,1728.00,11290.00,6.63
HP,2012-2013,51977.00,581792.00,109138.00,35872.00,709615.00,848.00,23.06,5046.00,9465.00,397344.00,197.00,1356.00,1726.00,11278.00,6.98
HP,2013-2014,55580.00,632793.00,119825.00,40551.00,777921.00,852.00,23.63,4068.00,11879.00,426834.00,197.00,1531.00,197.00,10953.00,7.76
HP,2014-2015,56091.00,715989.00,161307.00,44001.00,906189.00,857.00,10.16,5985.00,12968.00,471024.00,214.00,1525.00,1734.00,10367.00,8.50
HP,2015-2016,72102.00,819767.00,179556.00,44211.00,1041640.00,857.00,30.43,5390.00,14777.00,526531.00,227.00,1700.00,1743.00,9913.00,8.69
JK,2006-2007,2056.00,31378.00,1249.00,1181.00,34147.00,170.00,2.59,17.00,73.00,25103.00,19.00,192.00,975.00,1844.00,2.73
JK,2007-2008,1892.00,36443.00,2121.00,1564.00,40318.00,152.00,2.59,20.00,575.00,22311.00,19.00,176.00,975.00,3601.00,3.27
JK,2008-2009,1892.00,36443.00,2121.00,1564.00,40318.00,152.00,2.59,20.00,575.00,22311.00,19.00,176.00,975.00,2037.00,3.27
JK,2009-2010,2263.00,45682.00,2027.00,2527.00,48582.00,152.00,5.00,24.00,1116.00,35243.00,25.00,181.00,975.00,1809.00,4.43
JK,2010-2011,2396.00,49022.00,2903.00,2013.00,55202.00,152.00,5.00,45.00,120.00,37979.00,25.00,178.00,975.00,1823.00,5.44
JK,2011-2012,2396.00,49022.00,2903.00,2013.00,55202.00,152.00,6.46,45.00,215.00,37979.00,25.00,178.00,975.00,1823.00,5.44
JK,2012-2013,2558.00,60909.00,3767.00,2202.00,64552.00,164.00,7.63,50.00,1162.00,49246.00,25.00,180.00,0.00,2083.00,6.46
JK,2013-2014,1104.00,63173.00,4226.00,2692.00,67051.00,165.00,11.54,104.00,1630.00,48963.00,26.00,206.00,26.00,2130.00,7.91
JK,2014-2015,1341.00,66243.00,5480.00,3277.00,70417.00,188.00,11.71,116.00,1585.00,48665.00,26.00,230.00,0.00,2612.00,6.89
JK,2015-2016,3244.00,71777.00,6365.00,4985.00,70417.00,188.00,10.91,148.00,1731.00,52024.00,31.00,230.00,0.00,2657.00,7.53
KA,2006-2007,33649.00,266414.00,207374.00,60930.00,433269.00,4239.00,3.38,1335.00,428.00,123036.00,31.00,365.00,94.00,8545.00,4.67
KA,2007-2008,33649.00,389241.00,207374.00,62999.00,433269.00,4239.00,10.63,1250.00,511.00,123036.00,31.00,365.00,102.00,73010.00,4.67
KA,2008-2009,36005.00,389241.00,338608.00,167572.00,643725.00,8111.00,4.36,1250.00,511.00,115653.00,31.00,455.00,102.00,10396.00,7.70
KA,2009-2010,43614.00,447904.00,295039.00,226647.00,670134.00,8124.00,4.96,925.00,642.00,223294.00,31.00,454.00,108.00,5509.00,6.74
KA,2010-2011,39267.00,464666.00,325671.00,244873.00,729148.00,9126.00,6.02,2300.00,642.00,191931.00,38.00,444.00,117.00,5891.00,7.56
KA,2011-2012,43413.00,526349.00,441203.00,244873.00,881158.00,11331.00,10.57,2900.00,642.00,189817.00,40.00,419.00,128.00,5891.00,11.21
KA,2012-2013,47665.00,600389.00,513086.00,310529.00,1089878.00,14652.00,11.24,3100.00,5700.00,198435.00,40.00,498.00,137.00,6325.00,11.45
KA,2013-2014,47665.00,600389.00,513086.00,310529.00,1089878.00,14652.00,10.86,3100.00,5700.00,198435.00,40.00,498.00,40.00,6325.00,11.45
KA,2014-2015,64029.00,711915.00,768105.00,483210.00,1453142.00,23902.00,12.97,3030.00,5788.00,236157.00,42.00,468.00,164.00,10506.00,12.37
KA,2015-2016,67883.00,720148.00,763352.00,571048.00,1440604.00,23902.00,10.10,3145.00,5681.00,243155.00,42.00,449.00,154.00,13491.00,12.65
KL,2006-2007,14790.00,290133.00,179131.00,80083.00,359775.00,2269.00,7.18,-3155.00,0.80,76747.00,24.00,343.00,15.00,26700.00,7.90
KL,2007-2008,15803.00,459397.00,223197.00,200990.00,473756.00,2269.00,92.39,-29.00,615.00,109626.00,24.00,345.00,15.00,233169.00,12.44
KL,2008-2009,17729.00,459397.00,238706.00,230610.00,490120.00,2269.00,5.58,-29.00,445.00,150030.00,24.00,314.00,15.00,23435.00,11.27
KL,2009-2010,10115.00,664920.00,234268.00,119034.00,682869.00,2269.00,7.21,-22356.00,561.00,249849.00,24.00,291.00,15.00,26504.00,10.22
KL,2010-2011,10305.00,520544.00,337611.00,167991.00,552322.00,17269.00,9.89,-28908.00,793.00,196603.00,24.00,260.00,15.00,27738.00,12.17
KL,2011-2012,10694.00,590416.00,345696.00,198265.00,764847.00,38869.00,14.68,-39024.00,686.00,189566.00,24.00,282.00,15.00,34594.00,14.38
KL,2012-2013,35962.00,612797.00,552383.00,290749.00,757028.00,39169.00,180.27,-33708.00,3759.00,181807.00,24.00,227.00,15.00,53874.00,16.56
KL,2013-2014,12222.00,770230.00,658019.00,276156.00,837615.00,49420.00,218.55,-40066.00,3792.00,206022.00,24.00,256.00,24.00,39150.00,14.81
KL,2014-2015,13399.00,564254.00,202188.00,194785.00,890605.00,67874.00,175.47,-35417.00,7792.00,198154.00,21.00,284.00,14.00,5000.00,27.44
KL,2015-2016,7656.00,611284.00,264415.00,198488.00,817938.00,67874.00,21.86,34133.00,4932.00,424614.00,24.00,279.00,15.00,0.00,17.68
MP,2006-2007,32434.00,202168.00,279181.00,132951.00,362094.00,8680.00,3.02,3142.00,2519.00,50734.00,22.00,631.00,8996.00,9260.00,6.60
MP,2007-2008,34485.00,292321.00,314108.00,188939.00,426981.00,11093.00,2.72,2997.00,4529.00,60710.00,22.00,729.00,11232.00,195633.00,6.21
MP,2008-2009,36360.00,292321.00,337480.00,211151.00,505719.00,12202.00,3.24,2997.00,4529.00,68512.00,20.00,711.00,11232.00,8455.00,7.11
MP,2009-2010,38777.00,329070.00,355144.00,208530.00,587278.00,12798.00,4.29,2080.00,788.00,82381.00,21.00,711.00,11704.00,6613.00,6.60
MP,2010-2011,40584.00,343225.00,394868.00,243436.00,658952.00,15425.00,5.82,4060.00,788.00,83061.00,21.00,682.00,12474.00,6868.00,6.59
MP,2011-2012,43644.00,387879.00,536796.00,335832.00,814492.00,21203.00,5.99,6477.00,1228.00,288117.00,21.00,664.00,17810.00,8853.00,8.69
MP,2012-2013,48319.00,430903.00,818383.00,450756.00,1048936.00,30749.00,7.09,3904.00,7024.00,338261.00,25.00,643.00,13760.00,10834.00,10.92
MP,2013-2014,50788.00,460852.00,981140.00,634657.00,1223925.00,39456.00,8.31,7184.00,7266.00,273740.00,25.00,628.00,25.00,11383.00,11.57
MP,2014-2015,48106.00,509562.00,1112004.00,0.00,1331618.00,47175.00,8.49,7637.00,7640.00,257493.00,25.00,598.00,67.00,0.00,12.78
MP,2015-2016,87252.00,501272.00,1555140.00,0.00,1306018.00,47175.00,10.73,5799.00,6537.00,135988.00,25.00,564.00,66.00,0.00,11.59
MH,2006-2007,252744.00,1407391.00,886187.00,233305.00,2108179.00,26535.00,7.53,5145.00,NA,852669.00,53.00,2334.00,2182.00,84561.00,4.28
MH,2007-2008,265204.00,2095394.00,1022700.00,401358.00,2236045.00,28417.00,9.21,1778.00,NA,1026621.00,53.00,2194.00,2168.00,482645.00,4.93
MH,2008-2009,266255.00,2095394.00,1036418.00,577744.00,2568078.00,29191.00,11.00,1778.00,NA,1423807.00,53.00,2085.00,2168.00,93940.00,5.33
MH,2009-2010,276050.00,2142078.00,906192.00,423350.00,2689176.00,29980.00,3.63,287.00,NA,1644351.00,53.00,1974.00,2155.00,57497.00,7.73
MH,2010-2011,320770.00,1742873.00,1188786.00,479240.00,2544410.00,42541.00,4.13,-25191.00,18438.00,1198757.00,53.00,1842.00,2153.00,58548.00,9.33
MH,2011-2012,375245.00,1586239.00,1234675.00,729483.00,2485094.00,44465.00,4.78,-7652.00,2308.00,1176550.00,53.00,1728.00,2152.00,20231.00,8.07
MH,2012-2013,318795.00,1542640.00,1373298.00,819106.00,2438731.00,44828.00,4.78,31466.00,16120.00,1015629.00,53.00,1623.00,2126.00,98805.00,9.93
MH,2013-2014,311618.00,1347482.00,1605937.00,971418.00,2409209.00,45298.00,6.39,40051.00,17190.00,1066097.00,53.00,1506.00,53.00,60362.00,11.41
MH,2014-2015,319856.00,999267.00,1174327.00,733029.00,2136075.00,45673.00,6.74,41060.00,16376.00,720714.00,48.00,1405.00,2115.00,47448.00,11.66
MH,2015-2016,338690.00,1126844.00,1508577.00,0.00,2367188.00,45673.00,7.55,24285.00,18871.00,685976.00,48.00,1237.00,2118.00,112050.00,15.26
MN,2006-2007,1084.00,4157.00,4865.00,585.00,24338.00,3934.00,10.87,-35.00,231.00,9145.00,11.00,105.00,10419.00,1660.00,6.78
MN,2007-2008,1084.00,7866.00,4865.00,1491.00,24338.00,3934.00,8.67,934.00,240.00,9145.00,11.00,105.00,15057.00,5481.00,6.78
MN,2008-2009,1447.00,7866.00,4988.00,2357.00,29241.00,4061.00,6.40,934.00,231.00,8374.00,12.00,98.00,15057.00,3127.00,10.17
MN,2009-2010,1447.00,7866.00,4988.00,2357.00,29241.00,4061.00,6.30,934.00,231.00,8374.00,12.00,98.00,15057.00,3127.00,10.17
MN,2010-2011,2267.00,12065.00,1777.00,1294.00,33663.00,4131.00,6.62,46.00,231.00,10665.00,12.00,93.00,17392.00,6626.00,12.96
MN,2011-2012,5502.00,9457.00,933.00,1041.00,31208.00,1521.00,42.50,22.00,622.00,10322.00,12.00,84.00,17549.00,9026.00,20.60
MN,2012-2013,5502.00,9457.00,933.00,1041.00,31208.00,1521.00,25.11,22.00,1730.00,10322.00,12.00,84.00,17549.00,9026.00,20.60
MN,2013-2014,5502.00,9457.00,933.00,1041.00,31208.00,1521.00,17.48,22.00,1730.00,10322.00,12.00,84.00,12.00,9026.00,20.60
MN,2014-2015,5502.00,9457.00,933.00,1041.00,31208.00,1521.00,26.80,22.00,1730.00,10322.00,12.00,84.00,17549.00,9026.00,20.60
MN,2015-2016,3330.00,9885.00,817.00,3426.00,31208.00,1521.00,16.43,-10754.00,704.00,12608.00,11.00,102.00,17549.00,10021.00,6.90
ML,2006-2007,4578.00,59055.00,8433.00,1469.00,70126.00,596.00,4.50,109.00,1387.00,20605.00,41.00,560.00,2813.00,2227.00,2.48
ML,2007-2008,6418.00,79440.00,10571.00,1992.00,86408.00,637.00,4.50,1498.00,1492.00,22613.00,41.00,568.00,4693.00,5418.00,2.57
ML,2008-2009,1762.00,79440.00,6597.00,1907.00,96949.00,688.00,3.98,1498.00,2447.00,66221.00,42.00,562.00,4693.00,3699.00,4.35
ML,2009-2010,2405.00,91169.00,5300.00,756.00,110075.00,727.00,4.10,1939.00,1988.00,35812.00,44.00,562.00,6037.00,2972.00,3.45
ML,2010-2011,4332.00,100273.00,9964.00,1391.00,121827.00,862.00,6.45,2210.00,651.00,39899.00,44.00,565.00,7056.00,2880.00,6.78
ML,2011-2012,6534.00,115744.00,15614.00,1420.00,156537.00,469.00,10.11,1118.00,667.00,47239.00,47.00,595.00,8744.00,3562.00,18.66
ML,2012-2013,5706.00,133496.00,4686.00,1255.00,163453.00,600.00,6.35,1452.00,5068.00,53579.00,47.00,595.00,10951.00,3858.00,8.52
ML,2013-2014,9930.00,148241.00,13655.00,2146.00,282887.00,699.00,93.61,1934.00,4992.00,64235.00,47.00,595.00,47.00,3588.00,8.39
ML,2014-2015,12152.00,169085.00,31829.00,9897.00,331131.00,796.00,97.61,949.00,6237.00,59891.00,49.00,586.00,17817.00,10603.00,10.64
ML,2015-2016,11252.00,185810.00,23360.00,4252.00,225874.00,796.00,118.59,250.00,5483.00,64599.00,50.00,622.00,20925.00,7793.00,8.82
MZ,2006-2007,802.00,17669.00,3193.00,4025.00,23639.00,440.00,2.84,-1064.00,235.00,5903.00,12.00,139.00,981.00,2201.00,9.23
MZ,2007-2008,802.00,21633.00,3193.00,4885.00,23639.00,440.00,3.39,-435.00,N. A.,5903.00,12.00,139.00,965.00,6267.00,9.23
MZ,2008-2009,926.00,21633.00,3751.00,4788.00,27661.00,598.00,4.31,-435.00,2.00,9900.00,12.00,144.00,965.00,1369.00,11.52
MZ,2009-2010,1077.00,25216.00,6633.00,3121.00,31333.00,600.00,5.28,-221.00,509.00,7460.00,13.00,144.00,977.00,1155.00,14.75
MZ,2010-2011,385.00,31692.00,8677.00,6253.00,38277.00,509.00,5.91,1.00,2.00,14907.00,13.00,140.00,1001.00,1742.00,6.57
MZ,2011-2012,397.00,37223.00,9674.00,5370.00,44098.00,604.00,6.63,255.00,3.00,10629.00,13.00,142.00,1001.00,2368.00,0.02
MZ,2012-2013,663.00,43212.00,10224.00,4499.00,46202.00,607.00,6.98,299.00,3.00,17253.00,13.00,166.00,1038.00,1672.00,0.02
MZ,2013-2014,1584.00,49587.00,10038.00,18419.00,56327.00,182.00,7.76,382.00,2090.00,17738.00,14.00,166.00,14.00,6667.00,12.59
MZ,2014-2015,1965.00,51715.00,5075.00,20094.00,61142.00,182.00,8.50,390.00,1982.00,18906.00,14.00,160.00,1020.00,5582.00,12.39
MZ,2015-2016,2355.00,59202.00,9828.00,5358.00,65583.00,182.00,8.69,615.00,2266.00,20640.00,16.00,158.00,1016.00,8547.00,14.34
NL,2006-2007,1526.00,16218.00,3078.00,2176.00,16224.00,3009.00,2.73,-3243.00,404.00,6459.00,21.00,224.00,8848.00,2287.00,2.11
NL,2007-2008,1526.00,22598.00,3078.00,2738.00,16224.00,3009.00,3.27,4521.00,404.00,6459.00,21.00,224.00,10558.00,5056.00,2.11
NL,2008-2009,315.00,22598.00,3509.00,3088.00,21886.00,3118.00,3.27,4521.00,70.00,14103.00,22.00,230.00,10558.00,2096.00,12.60
NL,2009-2010,329.00,28112.00,3384.00,3130.00,30693.00,3178.00,4.43,-4471.00,432.00,10811.00,22.00,230.00,138922.00,2096.00,4.65
NL,2010-2011,356.00,32311.00,4763.00,3423.00,37002.00,3290.00,5.44,-4409.00,432.00,24222.00,22.00,230.00,3427.00,2438.00,4.07
NL,2011-2012,348.00,36684.00,9243.00,4267.00,38855.00,3550.00,5.44,-4322.00,3.00,23569.00,22.00,229.00,13150.00,3638.00,3.75
NL,2012-2013,620.00,42025.00,9679.00,4941.00,43958.00,3819.00,6.46,-4217.00,6526.00,24150.00,22.00,235.00,14320.00,2993.00,27.77
NL,2013-2014,636.00,43435.00,10296.00,11785.00,50344.00,5515.00,7.91,0.00,1035.00,23817.00,22.00,230.00,22.00,2124.00,4.50
NL,2014-2015,636.00,43435.00,10296.00,11785.00,50344.00,5515.00,6.89,0.00,1035.00,23817.00,22.00,230.00,3675.00,2124.00,4.50
NL,2015-2016,636.00,43435.00,10296.00,11785.00,50344.00,5515.00,7.53,0.00,1035.00,23817.00,22.00,230.00,3675.00,3497.00,4.50
OD,2006-2007,12203.00,129586.00,167268.00,106367.00,294548.00,6977.00,4.67,916.00,265.00,56670.00,15.00,205.00,18750.00,13350.00,8.19
OD,2007-2008,12203.00,231022.00,167268.00,163328.00,294548.00,6977.00,4.67,969.00,2128.00,56670.00,15.00,205.00,32841.00,174078.00,8.19
OD,2008-2009,22245.00,231022.00,205306.00,171252.00,454803.00,7344.00,7.70,969.00,367.00,229130.00,15.00,209.00,32841.00,7818.00,8.92
OD,2009-2010,23450.00,338501.00,252452.00,154524.00,622117.00,7441.00,6.74,1034.00,422.00,329366.00,15.00,206.00,38742.00,5236.00,15.75
OD,2010-2011,24627.00,345539.00,296269.00,200320.00,688199.00,7525.00,7.56,1075.00,742.00,333003.00,15.00,206.00,45899.00,6722.00,13.10
OD,2011-2012,26987.00,395428.00,363975.00,249130.00,812978.00,17067.00,11.21,0.00,742.00,388944.00,15.00,215.00,45859.00,7496.00,15.33
OD,2012-2013,30216.00,513188.00,470943.00,305785.00,927797.00,20676.00,11.45,1264.00,2874.00,432882.00,15.00,204.00,47368.00,9100.00,14.09
OD,2013-2014,35183.00,599213.00,605698.00,371899.00,1139260.00,25962.00,11.45,1405.00,3668.00,481648.00,15.00,247.00,15.00,10255.00,14.85
OD,2014-2015,37394.00,652929.00,712558.00,479022.00,1279900.00,34473.00,12.37,1561.00,4921.00,179041.00,15.00,230.00,49552.00,11838.00,21.40
OD,2015-2016,43791.00,667579.00,805409.00,573237.00,1295529.00,34473.00,12.65,1666.00,5176.00,179945.00,15.00,210.00,49702.00,0.00,24.65
PY,2006-2007,2798.00,25158.00,28940.00,4886.00,30988.00,942.00,7.90,67.00,180.00,12114.00,20.00,224.00,282.00,1063.00,4.28
PY,2007-2008,2862.00,33498.00,32936.00,9048.00,36010.00,1043.00,12.44,-470.00,186.00,10576.00,21.00,219.00,288.00,10710.00,4.66
PY,2008-2009,3077.00,33498.00,35342.00,10259.00,41385.00,1157.00,11.27,-470.00,3.00,13865.00,21.00,218.00,288.00,721.00,17.08
PY,2009-2010,2981.00,54988.00,35313.00,11805.00,44148.00,1240.00,10.22,-439.00,3.00,14240.00,24.00,207.00,285.00,848.00,18.30
PY,2010-2011,3096.00,40895.00,47448.00,30354.00,50061.00,1358.00,12.17,-400.00,3.00,11613.00,29.00,274.00,285.00,1765.00,15.62
PY,2011-2012,4425.00,53262.00,47188.00,30919.00,63290.00,1458.00,14.38,-1061.00,1.00,17026.00,29.00,265.00,285.00,2742.00,9.08
PY,2012-2013,4892.00,55455.00,45811.00,20747.00,63290.00,1552.00,16.56,-1290.00,6510.00,15992.00,29.00,256.00,285.00,2407.00,25.43
PY,2013-2014,3722.00,64045.00,48455.00,39142.00,74244.00,2145.00,14.81,-1035.00,7242.00,24056.00,29.00,242.00,29.00,2813.00,29.93
PY,2014-2015,3877.00,60191.00,37852.00,1823.00,70001.00,2451.00,27.44,-1624.00,7320.00,22489.00,29.00,232.00,282.00,2031.00,31.55
PY,2015-2016,4680.00,61094.00,42429.00,17093.00,71691.00,2451.00,17.68,-1480.00,6996.00,24465.00,29.00,229.00,282.00,2678.00,30.55
PB,2006-2007,30649.00,138775.00,482713.00,210122.00,411485.00,4111.00,6.60,2379.00,2856.00,39916.00,24.00,580.00,52.00,5572.00,4.62
PB,2007-2008,32349.00,193519.00,561728.00,260496.00,490409.00,4359.00,6.21,1174.00,3014.00,46719.00,24.00,552.00,52.00,265837.00,4.85
PB,2008-2009,33414.00,193519.00,794342.00,302949.00,635196.00,4987.00,7.11,1174.00,3752.00,135474.00,24.00,525.00,52.00,5342.00,7.15
PB,2009-2010,34204.00,229399.00,666487.00,330564.00,530795.00,5526.00,6.60,523.00,3555.00,87057.00,24.00,500.00,53.00,5392.00,7.11
PB,2010-2011,35688.00,244210.00,792777.00,330041.00,703511.00,6033.00,6.59,2576.00,4854.00,140126.00,22.00,480.00,53.00,5364.00,10.11
PB,2011-2012,37260.00,259339.00,1021101.00,416121.00,798882.00,6768.00,8.69,2718.00,5247.00,148764.00,21.00,462.00,53.00,5389.00,11.36
PB,2012-2013,39023.00,281301.00,730629.00,497681.00,79882.00,8339.00,10.92,19.00,5343.00,163728.00,21.00,437.00,53.00,5502.00,12.23
PB,2013-2014,41398.00,297257.00,1127863.00,571665.00,972493.00,14759.00,11.57,1729.00,5429.00,163795.00,20.00,439.00,20.00,5455.00,12.37
PB,2014-2015,81034.00,267320.00,1148103.00,607654.00,1027889.00,15939.00,12.78,2128.00,6112.00,174261.00,20.00,479.00,54.00,4986.00,12.76
PB,2015-2016,58144.00,256017.00,1034501.00,663876.00,940623.00,15939.00,11.59,1253.00,6339.00,77991.00,19.00,455.00,23.00,4993.00,13.93
RJ,2006-2007,31321.00,130583.00,214424.00,118543.00,311032.00,5411.00,4.28,2136.00,0.00,86125.00,14.00,268.00,87.00,2147.00,7.37
RJ,2007-2008,35456.00,198725.00,210790.00,138287.00,340938.00,5724.00,4.93,2842.00,1258.00,91397.00,14.00,255.00,87.00,144758.00,4.93
RJ,2008-2009,23239.00,198725.00,179198.00,165538.00,367067.00,5782.00,5.33,2842.00,1258.00,165895.00,14.00,235.00,87.00,8983.00,6.31
RJ,2009-2010,29339.00,257641.00,174220.00,140350.00,472788.00,5867.00,7.73,4160.00,1258.00,71120.00,14.00,230.00,87.00,11916.00,6.53
RJ,2010-2011,29500.00,287610.00,341237.00,150294.00,629528.00,7097.00,9.33,4490.00,1920.00,261935.00,14.00,230.00,87.00,2386.00,5.20
RJ,2011-2012,40067.00,358002.00,372126.00,301907.00,778407.00,8421.00,8.07,6018.00,1920.00,349059.00,17.00,274.00,40.00,9262.00,8.99
RJ,2012-2013,42442.00,445811.00,564769.00,351022.00,1054554.00,11156.00,9.93,6009.00,3221.00,433620.00,17.00,257.00,40.00,6231.00,12.53
RJ,2013-2014,36906.00,547727.00,858814.00,539627.00,1444353.00,15420.00,11.41,4405.00,3345.00,587375.00,17.00,246.00,17.00,2199.00,13.60
RJ,2014-2015,45482.00,552113.00,916030.00,749504.00,1507227.00,37695.00,11.66,5693.00,4455.00,565522.00,17.00,233.00,40.00,2253.00,19.12
RJ,2015-2016,42732.00,416675.00,865401.00,797019.00,1291463.00,37695.00,15.26,5149.00,3903.00,434616.00,17.00,272.00,40.00,2393.00,14.35
SK,2006-2007,415.00,2334.00,690.00,233.00,4666.00,999.00,6.78,100.00,46.00,2168.00,5.00,24.00,1680.00,116.00,16.08
SK,2007-2008,415.00,8670.00,690.00,422.00,4666.00,999.00,6.78,53.00,99.00,2168.00,5.00,24.00,2208.00,574.00,16.08
SK,2008-2009,630.00,8670.00,2032.00,413.00,11469.00,1055.00,10.17,53.00,198.00,7308.00,7.00,22.00,2208.00,251.00,9.00
SK,2009-2010,744.00,19414.00,2003.00,611.00,22853.00,1056.00,10.17,155.00,1.00,17016.00,7.00,34.00,4636.00,320.00,22.50
SK,2010-2011,984.00,14731.00,3615.00,774.00,16819.00,1095.00,12.96,8.00,1.00,10879.00,9.00,36.00,3372.00,373.00,38.06
SK,2011-2012,1210.00,13600.00,3399.00,968.00,18031.00,1128.00,20.60,285.00,454.00,7663.00,10.00,48.00,4275.00,358.00,9.46
SK,2012-2013,1418.00,24045.00,5144.00,1144.00,28079.00,1167.00,20.60,8.00,196.00,7182.00,15.00,60.00,3880.00,637.00,3.27
SK,2013-2014,1418.00,24045.00,5144.00,1144.00,28079.00,1167.00,20.60,8.00,196.00,7182.00,15.00,60.00,15.00,637.00,3.27
SK,2014-2015,1887.00,52638.00,3361.00,1550.00,57260.00,1398.00,20.60,28.00,599.00,35101.00,15.00,75.00,5257.00,479.00,7.99
SK,2015-2016,1887.00,52638.00,3361.00,1550.00,57260.00,1398.00,6.90,28.00,599.00,35101.00,15.00,75.00,5257.00,526.00,7.99
TN,2006-2007,51795.00,326350.00,182168.00,472893.00,524498.00,24794.00,2.48,0.00,725.00,108374.00,46.00,678.00,23.00,11334.00,5.70
TN,2007-2008,72231.00,442916.00,113736.00,836349.00,588694.00,6107.00,2.57,34.00,960.00,145851.00,46.00,646.00,23.00,838646.00,7.57
TN,2008-2009,58962.00,442916.00,329602.00,431467.00,696455.00,6107.00,4.35,34.00,1127.00,164657.00,46.00,626.00,23.00,922.00,0.08
TN,2009-2010,58244.00,514600.00,547974.00,479470.00,769196.00,6107.00,3.45,0.00,1869.00,232031.00,46.00,607.00,23.00,1.00,9.92
TN,2010-2011,68526.00,543584.00,730536.00,4567.00,945882.00,9582.00,6.78,-4069.00,1478.00,195304.00,46.00,586.00,24.00,151.00,14.05
TN,2011-2012,74773.00,662009.00,804026.00,617788.00,1086572.00,10670.00,18.66,4151.00,1362.00,213899.00,46.00,556.00,24.00,2262.00,16.67
TN,2012-2013,65147.00,778813.00,1132130.00,912293.00,1211067.00,19191.00,8.52,4324.00,8501.00,277711.00,47.00,502.00,24.00,9888.00,16.93
TN,2013-2014,72005.00,950733.00,1030556.00,1243688.00,1361248.00,28959.00,8.39,3222.00,12150.00,341372.00,47.00,437.00,47.00,6736.00,27.80
TN,2014-2015,71942.00,776779.00,960277.00,1033940.00,1336801.00,30270.00,10.64,4138.00,10537.00,290604.00,47.00,382.00,24.00,14438.00,27.58
TN,2015-2016,75198.00,821237.00,756406.00,727736.00,1350258.00,30270.00,8.82,4331.00,9430.00,315447.00,47.00,397.00,23.00,2671.00,23.75
TR,2006-2007,2651.00,26212.00,3793.00,3716.00,30443.00,780.00,9.23,-4478.00,529.00,8070.00,40.00,258.00,732.00,6636.00,2.04
TR,2007-2008,2651.00,48392.00,3793.00,5707.00,30443.00,780.00,9.23,-4569.00,129.00,8070.00,40.00,258.00,419.00,10426.00,2.04
TR,2008-2009,3639.00,48392.00,5271.00,6790.00,41959.00,935.00,11.52,-4569.00,2.00,29220.00,41.00,237.00,419.00,3714.00,2.99
TR,2009-2010,4169.00,75978.00,10132.00,7287.00,64277.00,1105.00,14.75,-2576.00,188.00,53779.00,48.00,299.00,428.00,3464.00,4.04
TR,2010-2011,3985.00,90441.00,19745.00,7623.00,89260.00,1272.00,6.57,-1243.00,276.00,61558.00,50.00,282.00,27930.00,2814.00,3.85
TR,2011-2012,3852.00,115555.00,19407.00,13201.00,121307.00,1719.00,0.02,139.00,276.00,76065.00,50.00,256.00,27930.00,264.00,4.94
TR,2012-2013,4140.00,139750.00,25912.00,11025.00,155910.00,1956.00,0.02,2236.00,1570.00,90498.00,52.00,299.00,99704.00,1475.00,5.71
TR,2013-2014,8164.00,163861.00,35605.00,15328.00,194966.00,2300.00,12.59,2609.00,1685.00,94665.00,29.00,1055.00,29.00,14046.00,8.45
TR,2014-2015,11510.00,181176.00,37702.00,13440.00,215560.00,2364.00,12.39,6461.00,1045.00,86372.00,29.00,996.00,62.00,14096.00,9.69
TR,2015-2016,13943.00,204344.00,31215.00,16175.00,215560.00,2364.00,14.34,6794.00,1251.00,281534.00,60.00,328.00,177467.00,3744.00,3.81
UP,2006-2007,64273.00,285445.00,429920.00,134884.00,482623.00,8596.00,2.11,3187.00,3188.00,83558.00,30.00,1151.00,71.00,51412.00,3.77
UP,2007-2008,49694.00,383031.00,526840.00,219709.00,522622.00,9561.00,2.11,13080.00,4141.00,77913.00,30.00,1152.00,72.00,273530.00,3.59
UP,2008-2009,58636.00,383031.00,509996.00,195533.00,657150.00,10559.00,12.60,13080.00,6421.00,111899.00,30.00,1156.00,72.00,43963.00,4.89
UP,2009-2010,22432.00,444204.00,492021.00,195062.00,706593.00,11355.00,4.65,15116.00,4952.00,153724.00,29.00,1182.00,72.00,31706.00,4.19
UP,2010-2011,22753.00,434348.00,560692.00,200825.00,722194.00,12140.00,4.07,17228.00,7775.00,153925.00,30.00,1156.00,62.00,31382.00,6.73
UP,2011-2012,32932.00,463072.00,693832.00,232780.00,802768.00,14385.00,3.75,5114.00,7241.00,145574.00,29.00,1132.00,62.00,11401.00,6.40
UP,2012-2013,1533.00,132010.00,52429.00,51518.00,201685.00,5811.00,27.77,444.00,474.00,111235.00,29.00,83.00,62.00,2807.00,156.08
UP,2013-2014,38125.00,526706.00,779797.00,356986.00,996236.00,20250.00,4.50,4024.00,8912.00,310348.00,16.00,83.00,16.00,0.00,6.89
UP,2014-2015,38757.00,683078.00,808905.00,422259.00,1200455.00,24705.00,4.50,8059.00,9650.00,451992.00,16.00,83.00,34.00,0.00,6.89
UP,2015-2016,43947.00,711057.00,1047256.00,472226.00,1192365.00,24705.00,4.50,2006.00,9853.00,308194.00,29.00,980.00,62.00,24087.00,10.05
UK,2006-2007,477.00,71373.00,0.00,0.00,86093.00,3656.00,8.19,268.00,NA,0.00,2.00,22.00,0.00,0.00,6.18
UK,2007-2008,477.00,92006.00,0.00,0.00,86093.00,3656.00,8.19,556.00,NA,0.00,2.00,22.00,0.00,0.00,6.18
UK,2008-2009,699.00,92006.00,0.00,0.00,102585.00,686.00,8.92,556.00,NA,81927.00,2.00,30.00,0.00,0.00,4.83
UK,2009-2010,699.00,92006.00,0.00,0.00,102585.00,686.00,15.75,556.00,NA,81927.00,2.00,30.00,1.00,5.00,4.83
UK,2010-2011,1981.00,114110.00,94825.00,15371.00,149444.00,2099.00,13.10,275.00,NA,95134.00,21.00,71.00,34.00,0.00,118.03
UK,2011-2012,2493.00,123123.00,118364.00,90744.00,184652.00,3391.00,15.33,276.00,NA,108008.00,3.00,79.00,34.00,2619.00,156.08
UK,2012-2013,2493.00,123123.00,118364.00,90744.00,184652.00,3391.00,14.09,276.00,12330.00,108008.00,16.00,79.00,34.00,2619.00,15.92
UK,2013-2014,4527.00,148930.00,0.00,425.00,243103.00,6515.00,14.85,0.00,572.00,135737.00,48.00,409.00,48.00,179.00,15.92
UK,2014-2015,4527.00,148930.00,0.00,425.00,243103.00,6515.00,21.40,0.00,572.00,135737.00,48.00,409.00,1669.00,179.00,15.92
UK,2015-2016,4527.00,148930.00,0.00,425.00,243103.00,6515.00,24.65,0.00,572.00,308194.00,16.00,83.00,34.00,0.00,6.89
WB,2006-2007,12532.00,245306.00,86844.00,43027.00,394160.00,2881.00,4.28,2404.00,2667.00,109376.00,47.00,499.00,1246.00,11928.00,5.34
WB,2007-2008,13464.00,336849.00,86844.00,1241.00,394160.00,3146.00,4.66,2069.00,3105.00,115047.00,47.00,436.00,1373.00,149233.00,7.11
WB,2008-2009,13951.00,336849.00,130184.00,133816.00,465125.00,3172.00,17.08,2069.00,3105.00,144893.00,48.00,444.00,1373.00,13041.00,111.04
WB,2009-2010,14639.00,491624.00,110509.00,86249.00,674384.00,3303.00,18.30,1424.00,3105.00,348567.00,48.00,424.00,1527.00,10556.00,5.17
WB,2010-2011,15863.00,503156.00,0.00,2476.00,668950.00,3589.00,15.62,1003.00,3105.00,285618.00,48.00,409.00,1669.00,179.00,15.92
WB,2011-2012,15863.00,503156.00,0.00,2476.00,668950.00,3589.00,9.08,1003.00,120.00,285618.00,48.00,409.00,1669.00,179.00,15.92
WB,2012-2013,15863.00,503156.00,0.00,2476.00,668950.00,3589.00,25.43,1003.00,6510.00,285618.00,48.00,409.00,1669.00,179.00,15.92
WB,2013-2014,15863.00,503156.00,0.00,2476.00,668950.00,3589.00,29.93,1003.00,6510.00,285618.00,48.00,409.00,1669.00,179.00,15.92
WB,2014-2015,15863.00,668950.00,0.00,2476.00,668950.00,3589.00,31.55,1003.00,6510.00,285618.00,48.00,409.00,1669.00,37270.00,15.92
WB,2015-2016,15863.00,503156.00,0.00,2476.00,668950.00,3589.00,30.55,1003.00,6510.00,135737.00,48.00,409.00,1669.00,37270.00,15.92
